Script;Comment;Input;Model;Training sq error;Training MSE; Training RMSE; Training NRMSE; Training se;Validation error; Validation MSE; Validation RMSE;Validation NRMSE;Validation R2;Testing se;Testing MSE;Testing RMSE;Testing NRMSE;Testing R2
lasso_regressions_glmnet;testing;raw_continuous_vars;lasso regression GLMNET;179580517187253;55391893025.0627;235354.823670692;0.658917116885578;0.565828233075198;181647499377889;56029456933.3402;236705.422272791;0.662698354606074;0.560830890802403;459609011627002;60758676928.6803;246492.752284282;0.663832774928396;0.559326046930866
ridge_regressions_glmnet;testing;raw_continuous_vars;ridge regression GLMNET;180227211836751;55591367007.0176;235778.21571769;0.660102477196316;0.564264719599287;182165833528448;56189337917.4731;237042.903115603;0.663643191429393;0.55957771446941;464036620596868;61343991089.5456;247677.191298564;0.667022602744013;0.555080847428602
ridge_regressions_glmnet;testing;raw_continuous_vars;ridge regression GLMNET;180227211836751;55591367007.0176;235778.21571769;0.660102477196316;0.564264719599287;182165833528448;56189337917.4731;237042.903115603;0.663643191429393;0.55957771446941;464036620596868;61343991089.5456;247677.191298564;0.667022602744013;0.555080847428602
"ridge_regressions_mass";"testing";"featureset_pca_normal";"ridge regression MASS";"185837269785402";"57321798206.4781";"239419.711399204";"0.670297483180012";"0.550701284042542";"28713976410.8919";"8856871.19398271";"2976.04959534997";"0.00833197292705703";"0.999930578227143";"481086549939595";"63597931117.6674";"252186.302398975";"0.679166147357423";"0.538733344283675"
"ridge_regressions_mass";"testing";"featureset_pca_normal";"ridge regression MASS";"185837269785402";"57321798206.4781";"239419.711399204";"0.670297483180012";"0.550701284042542";"28713976410.8919";"8856871.19398271";"2976.04959534997";"0.00833197292705703";"0.999930578227143";"481086549939595";"63597931117.6674";"252186.302398975";"0.679166147357423";"0.538733344283675"
