Script;Comment;Input;Model;Training sq error;Training MSE; Training RMSE; Training NRMSE; Training se;Validation error; Validation MSE; Validation RMSE;Validation NRMSE;Validation R2;Testing se;Testing MSE;Testing RMSE;Testing NRMSE;Testing R2
regression_randomforest;testing;featureset_regression_randomforest_sfs;regression_randomforest;138830721939597;42842376775.0648;206984.001253877;0.592418480148755;0.649040344378239;138930330177774;42873115314.8509;207058.241359408;0.59263096618738;0.648788537915813;367882145895062;48652006334.0689;220571.998073348;0.589097565623083;0.652964058176957
